epoch,loss,mae,val_loss,val_mae
0,8373.2060546875,74.36968994140625,2205.960693359375,39.67603302001953
1,1371.016357421875,29.5136661529541,8106.4873046875,82.17276000976562
